subreddit,topic_0,topic_1,topic_2,topic_3,topic_4,topic_5,topic_6,topic_7,topic_8,topic_9,topic_10,topic_11,topic_12,topic_13,topic_14,topic_15,topic_16,topic_17,topic_18,topic_19
CFB,0.046236403,0.034766875,0.06139748,0.032812823,0.038320977,0.05823145,0.038156398,0.06572199,0.048521228,0.034201883,0.03651854,0.063163705,0.04577347,0.062903546,0.06289981,0.083291665,0.034038693,0.03543252,0.058217816,0.059392724
baseball,0.057579447,0.035064135,0.048439983,0.040793598,0.047657784,0.072587356,0.048681676,0.059047796,0.07613627,0.03723194,0.033223424,0.047245953,0.04779516,0.07406466,0.0447422,0.032853138,0.038045634,0.040082697,0.06591345,0.052813698
formula1,0.06733119,0.03994438,0.050794553,0.030730642,0.061306912,0.053968642,0.060070563,0.055326357,0.041594543,0.04178201,0.058629885,0.052619025,0.048922654,0.05559434,0.04184445,0.030151907,0.050065547,0.042894095,0.055885404,0.060542896
hockey,0.06685565,0.034429822,0.046386693,0.03713343,0.037891828,0.07084565,0.056118015,0.059372697,0.035195366,0.05745001,0.036132667,0.04918487,0.044211905,0.07083863,0.05517432,0.03345475,0.04040691,0.042832192,0.07100783,0.055076767
mma,0.042971395,0.043194816,0.053466596,0.037987363,0.04900024,0.05291123,0.049163815,0.05875712,0.03350623,0.040096655,0.037982363,0.045022722,0.04976618,0.059929755,0.046901982,0.029807094,0.043225404,0.045562748,0.06996186,0.11078443
nba,0.045510553,0.031685054,0.05076628,0.046385806,0.03934497,0.054077674,0.069016226,0.06502723,0.034629364,0.036987875,0.03285711,0.06959901,0.05761263,0.054492928,0.050885048,0.05337881,0.03912781,0.037726913,0.07278683,0.058101874
nfl,0.040049884,0.050503563,0.08923509,0.036760807,0.040219158,0.060350467,0.06356128,0.050373532,0.053074893,0.03663387,0.03508694,0.06616891,0.051836733,0.056379035,0.044424824,0.029866189,0.037092693,0.039948482,0.05725191,0.061181743
soccer,0.039410964,0.075158514,0.038203884,0.04978025,0.043407228,0.045785535,0.04798664,0.048825227,0.041826654,0.038331576,0.045456942,0.0507697,0.07727844,0.07688024,0.039723974,0.030201985,0.046493568,0.043412775,0.06500678,0.056059115
sports,0.051474065,0.04128739,0.051649135,0.04017039,0.046113145,0.06870856,0.04951844,0.05202493,0.0441443,0.041037407,0.037188184,0.048105642,0.044880312,0.081271715,0.054018665,0.04009996,0.03982656,0.03816772,0.07236203,0.057951458
tennis,0.054506123,0.04482381,0.045429286,0.043123696,0.040963423,0.051819697,0.050871003,0.05651877,0.035023354,0.03717108,0.03902685,0.051866252,0.03979882,0.07299099,0.079814024,0.041791037,0.04646623,0.044961188,0.06566174,0.057372626
